{
  "user": [
    {
      "id": "5704",
      "name": "anil",
      "password": "abc",
      "email": "anil@gmail"
    },
    {
      "id": "ecc8",
      "firstName": "Tejas",
      "lastName": "Dhanwate",
      "email": "tejas@gmail.com",
      "password": "Tejas",
      "confirmPassword": "Tejas"
    },
    {
      "id": "4be4",
      "firstName": "anuj",
      "lastName": "joshi",
      "email": "joshi@gmail.com",
      "password": "123456",
      "confirmPassword": "123456"
    },
    {
      "id": "a808",
      "firstName": "Nikita",
      "lastName": "Nikam",
      "email": "nikita@gmail",
      "password": "nikita",
      "confirmPassword": "nikita"
    },
    {
      "id": "1f80",
      "firstName": "harshad",
      "lastName": "lokhande",
      "email": "harshad@gmail.com",
      "password": "harshad",
      "confirmPassword": "harshad"
    },
    {
      "id": "8e72",
      "firstName": "suresh",
      "lastName": "narayan",
      "email": "sureah@gmail.com",
      "password": "suresh",
      "confirmPassword": "suresh"
    },
    {
      "id": "2906",
      "firstName": "",
      "lastName": "",
      "email": "",
      "password": "",
      "confirmPassword": ""
    },
    {
      "id": "a6f8",
      "firstName": "Suresh",
      "lastName": "sharma",
      "email": "suresh@gmail",
      "password": "12345",
      "confirmPassword": "12345"
    },
    {
      "id": "43bb",
      "firstName": "suresh",
      "lastName": "SSDSDFVDFV",
      "email": "suresh@gmail",
      "password": "12345",
      "confirmPassword": "12345"
    },
    {
      "id": "069d",
      "firstName": "asdfsdf",
      "lastName": "sdfs",
      "email": "tejas@gmail.com",
      "password": "123",
      "confirmPassword": "123"
    },
    {
      "id": "3c34",
      "firstName": "asdfsdf",
      "lastName": "sdfs",
      "email": "tejas@gmail.com",
      "password": "123",
      "confirmPassword": "123"
    },
    {
      "id": "9c5d",
      "firstName": "asdfasf",
      "lastName": "sdfsfsd",
      "email": "tejas@gmail.com",
      "password": "123",
      "confirmPassword": "123"
    },
    {
      "id": "f0ae",
      "firstName": "ramesh",
      "lastName": "sharma",
      "email": "ramesh@gmail.com",
      "password": "123",
      "confirmPassword": "123"
    },
    {
      "id": "742c",
      "firstName": "ramesh",
      "lastName": "sharma",
      "email": "ramesh@gmail.com",
      "password": "123",
      "confirmPassword": "123"
    },
    {
      "id": "9688",
      "firstName": "sadfasdfsd",
      "lastName": "sdfsdfs",
      "email": "sdfasdf",
      "password": "123",
      "confirmPassword": "123"
    },
    {
      "id": "94b9",
      "firstName": "sadfasdfsd",
      "lastName": "sdfsdfs",
      "email": "wsafsdfsdf",
      "password": "123",
      "confirmPassword": "123"
    },
    {
      "id": "e16e",
      "firstName": "sadfasdfsd",
      "lastName": "sdfsdfs",
      "email": "tyrhgnghngn",
      "password": "123",
      "confirmPassword": "123"
    },
    {
      "id": "d239",
      "firstName": "sadfasdfsd",
      "lastName": "sdfsdfs",
      "email": "tyrtyreyrtye",
      "password": "123",
      "confirmPassword": "123"
    },
    {
      "id": "0f09",
      "firstName": "dad",
      "lastName": "asdads",
      "email": "tejas@gmail.com",
      "password": "123",
      "confirmPassword": "123"
    },
    {
      "id": "1f74",
      "firstName": "asdasddasd",
      "lastName": "asdasdasd",
      "email": "tejas@gmail.com",
      "password": "123",
      "confirmPassword": "123"
    },
    {
      "id": "2c90",
      "firstName": "wefwsf",
      "lastName": "sdfsdf",
      "email": "tejas@gmail.com",
      "password": "123",
      "confirmPassword": "123"
    },
    {
      "id": "c3bd",
      "firstName": "qasdd",
      "lastName": "fasdfs",
      "email": "tejas@gmail.com",
      "password": "123",
      "confirmPassword": "123"
    }
  ],
  "blog": [
    {
      "title": "Rainbow 342342",
      "link": "google.rainbow",
      "description": "rainbow colors",
      "file": "",
      "userEmail": "nikita@gmail",
      "id": "9873"
    },
    {
      "title": "Mobiles",
      "link": "amazon.com",
      "description": "amazon has best mobiles",
      "file": "C:\\fakepath\\download (1).jpg",
      "userEmail": null,
      "status": "pub",
      "id": "4638"
    },
    {
      "title": "Railways",
      "link": "irctc.com",
      "description": "Train Lorem ipsum dolor sit amet, consectetur adipisicing elit. Modi expedita eveniet consectetur, voluptates voluptatum, sit excepturi earum. Veniam eius amet, accusantium, deserunt officia, quos qui debitis laboriosam velit quis autem! Train",
      "file": "",
      "userEmail": "tejas@gmail.com",
      "status": "pub",
      "id": "8cd1"
    },
    {
      "title": "Colleges",
      "link": "google.com",
      "description": "Both the ACT and the SAT can be used for admission to any college or university in the USA. Some schools require or recommend the optional writing section these tests offer, so be sure to research the requirements of the schools you are interested in attending.",
      "file": "",
      "userEmail": "tejas@gmail.com",
      "status": "pub",
      "id": "174d"
    },
    {
      "title": "Scool",
      "link": "infogird.com",
      "description": "InfoGird is a comprehensive cloud based Human Resource Information Management System, a SaaS(software as a service) solution offered by InfoGird Informatics for enterprises who wish to better manage their workforce and business processes so that this is the one-stop solution like payroll management, real time attendance, leave management, ESS(Employee Self Service), reimbursement, expenses and claim, time office management and many more. Furthermore, InfoGird could provide organizations better perspective and could help to implement best business practices for robust business improvement in organizations with the help of technology and simplicity.",
      "file": "C:\\fakepath\\one-stop-solution.png",
      "userEmail": null,
      "status": "pub",
      "id": "6b4e"
    },
    {
      "id": "da5d",
      "title": "java script",
      "link": "note ",
      "description": "gdffdgfdgdfgsfdgfdgdfgdf",
      "file": "",
      "userEmail": "jain123@gmail.com"
    },
    {
      "id": "db96",
      "title": "",
      "link": "",
      "description": "",
      "file": "",
      "userEmail": "",
      "status": "pub"
    },
    {
      "id": "736c",
      "title": "",
      "link": "",
      "description": "",
      "file": "",
      "userEmail": "",
      "status": "pub"
    },
    {
      "id": "85a3",
      "title": "",
      "link": "",
      "description": "",
      "file": "",
      "userEmail": "",
      "status": "pri"
    },
    {
      "id": "6662",
      "title": "nuclear fission",
      "link": "google.com",
      "description": "Nuclear fission is a reaction in which the nucleus of an atom splits into two or more smaller nuclei. The fission process often produces gamma photons, and releases a very large amount of energy even by the energetic standards of radioactive decay.",
      "file": "",
      "userEmail": "tejas@gmail.com",
      "status": "pub"
    },
    {
      "id": "2295",
      "title": "starlink",
      "link": "spacex.com",
      "description": "Starlink is a satellite internet constellation operated by private aerospace company SpaceX,[3] providing coverage to over 71 countries. It also aims for global mobile phone service after 2023.[4]",
      "file": "",
      "userEmail": "tejas@gmail.com",
      "status": "pub"
    },
    {
      "id": "0d77",
      "title": "food",
      "link": "food.com",
      "description": "Food is any substance consumed by an organism for nutritional support. Food is usually of plant, animal, or fungal origin and contains essential nutrients such as carbohydrates, fats, proteins, vitamins, or minerals. The substance is ingested by an organism and assimilated by the organism's cells to provide energy, maintain life, or stimulate growth.",
      "file": "",
      "userEmail": "tejas@gmail.com",
      "status": "pub"
    }
  ]
}