{
  "user": [
    {
      "id": "5704",
      "name": "anil",
      "password": "abc",
      "email": "anil@gmail"
    },
    {
      "id": "ecc8",
      "firstName": "Tejas",
      "lastName": "Dhanwate",
      "email": "tejas@gmail.com",
      "password": "Tejas",
      "confirmPassword": "Tejas"
    },
    {
      "id": "4be4",
      "firstName": "anuj",
      "lastName": "joshi",
      "email": "joshi@gmail.com",
      "password": "123456",
      "confirmPassword": "123456"
    }
  ],
  "blog": [
    {
      "id": "a218",
      "title": "akshay",
      "link": "www.google.com",
      "description": "testy",
      "file": "",
      "userEmail": null
    },
    {
      "id": "890e",
      "title": "akshay",
      "link": "gmai.com",
      "description": "testy re",
      "file": "",
      "userEmail": null
    },
    {
      "id": "24aa",
      "title": "aaaaaaaa",
      "link": "aa",
      "description": "aaaaaaaaa",
      "file": "",
      "userEmail": null
    },
    {
      "id": "3202",
      "title": "aaaddddd",
      "link": "dddd",
      "description": "dddddd",
      "file": "",
      "userEmail": "tejas@gmail.com"
    },
    {
      "id": "26f8",
      "title": "names",
      "link": "google.com",
      "description": "names are description",
      "file": "",
      "userEmail": "tejas@gmail.com"
    }
  ]
}